[{"model": "contenttypes.contenttype", "pk": 1, "fields": {"app_label": "admin", "model": "logentry"}}, {"model": "contenttypes.contenttype", "pk": 2, "fields": {"app_label": "auth", "model": "permission"}}, {"model": "contenttypes.contenttype", "pk": 3, "fields": {"app_label": "auth", "model": "group"}}, {"model": "contenttypes.contenttype", "pk": 4, "fields": {"app_label": "auth", "model": "user"}}, {"model": "contenttypes.contenttype", "pk": 5, "fields": {"app_label": "contenttypes", "model": "contenttype"}}, {"model": "contenttypes.contenttype", "pk": 6, "fields": {"app_label": "sessions", "model": "session"}}, {"model": "contenttypes.contenttype", "pk": 7, "fields": {"app_label": "blog", "model": "blog"}}, {"model": "contenttypes.contenttype", "pk": 8, "fields": {"app_label": "blog", "model": "blogtype"}}, {"model": "contenttypes.contenttype", "pk": 9, "fields": {"app_label": "blog", "model": "readnum"}}, {"model": "contenttypes.contenttype", "pk": 10, "fields": {"app_label": "read_statistics", "model": "readnum"}}, {"model": "contenttypes.contenttype", "pk": 11, "fields": {"app_label": "read_statistics", "model": "readdetail"}}, {"model": "contenttypes.contenttype", "pk": 12, "fields": {"app_label": "comment", "model": "comment"}}, {"model": "contenttypes.contenttype", "pk": 13, "fields": {"app_label": "likes", "model": "likerecord"}}, {"model": "contenttypes.contenttype", "pk": 14, "fields": {"app_label": "likes", "model": "likecount"}}, {"model": "contenttypes.contenttype", "pk": 15, "fields": {"app_label": "user", "model": "profile"}}, {"model": "sessions.session", "pk": "1wc3cmlw7o01y386tdxs19ys2qftqck6", "fields": {"session_data": "Njg4YTNiZDAwMDgzZGE0YjMzMzk2OWZmYWFkY2RiYTZmM2ZlN2I1Mjp7fQ==", "expire_date": "2019-03-19T08:31:19.424Z"}}, {"model": "sessions.session", "pk": "dzbw702cv2zaqy23eqw5ddaed9tti6zm", "fields": {"session_data": "NjU3MzY4ODU1NTZlYmFhMzg3NGMzODBjYWNmMjZiNDllOWM1YzA4Mzp7Il9hdXRoX3VzZXJfaWQiOiIxIiwiX2F1dGhfdXNlcl9iYWNrZW5kIjoiZGphbmdvLmNvbnRyaWIuYXV0aC5iYWNrZW5kcy5Nb2RlbEJhY2tlbmQiLCJfYXV0aF91c2VyX2hhc2giOiJiZGUwYzg4Zjg1YjQ0YmRiZDMyMzExMDFhZGI1ZWQzMDNlNWM2NzFmIn0=", "expire_date": "2019-02-09T07:47:05.019Z"}}, {"model": "sessions.session", "pk": "n8ebl7emflvapb7ihuz91nmadiq54xk5", "fields": {"session_data": "NjU3MzY4ODU1NTZlYmFhMzg3NGMzODBjYWNmMjZiNDllOWM1YzA4Mzp7Il9hdXRoX3VzZXJfaWQiOiIxIiwiX2F1dGhfdXNlcl9iYWNrZW5kIjoiZGphbmdvLmNvbnRyaWIuYXV0aC5iYWNrZW5kcy5Nb2RlbEJhY2tlbmQiLCJfYXV0aF91c2VyX2hhc2giOiJiZGUwYzg4Zjg1YjQ0YmRiZDMyMzExMDFhZGI1ZWQzMDNlNWM2NzFmIn0=", "expire_date": "2019-03-08T05:54:56.560Z"}}, {"model": "sessions.session", "pk": "o8ebcf6hzvyfbyyem0y1fhfoppw3ebgl", "fields": {"session_data": "NjU3MzY4ODU1NTZlYmFhMzg3NGMzODBjYWNmMjZiNDllOWM1YzA4Mzp7Il9hdXRoX3VzZXJfaWQiOiIxIiwiX2F1dGhfdXNlcl9iYWNrZW5kIjoiZGphbmdvLmNvbnRyaWIuYXV0aC5iYWNrZW5kcy5Nb2RlbEJhY2tlbmQiLCJfYXV0aF91c2VyX2hhc2giOiJiZGUwYzg4Zjg1YjQ0YmRiZDMyMzExMDFhZGI1ZWQzMDNlNWM2NzFmIn0=", "expire_date": "2019-03-04T02:54:07.085Z"}}, {"model": "sessions.session", "pk": "rov2agojy4imee0ortx2ujek424azvd1", "fields": {"session_data": "NTFhNDlkZjMyNjIyOTY5MTViMzJkZDU2NWE5MzQ2YWYxN2YzMDI0ZDp7Il9hdXRoX3VzZXJfaWQiOiIxIiwiX2F1dGhfdXNlcl9iYWNrZW5kIjoiZGphbmdvLmNvbnRyaWIuYXV0aC5iYWNrZW5kcy5Nb2RlbEJhY2tlbmQiLCJfYXV0aF91c2VyX2hhc2giOiI2MGFhYTY5NzNiMDU3ZGExZjE1YTc3ZDZkOTUzNjY0ZGJlNzExMTE3In0=", "expire_date": "2019-03-20T07:41:50.896Z"}}, {"model": "sessions.session", "pk": "sh6344907c5swa3kc5ruwdwidadenrrg", "fields": {"session_data": "NTFhNDlkZjMyNjIyOTY5MTViMzJkZDU2NWE5MzQ2YWYxN2YzMDI0ZDp7Il9hdXRoX3VzZXJfaWQiOiIxIiwiX2F1dGhfdXNlcl9iYWNrZW5kIjoiZGphbmdvLmNvbnRyaWIuYXV0aC5iYWNrZW5kcy5Nb2RlbEJhY2tlbmQiLCJfYXV0aF91c2VyX2hhc2giOiI2MGFhYTY5NzNiMDU3ZGExZjE1YTc3ZDZkOTUzNjY0ZGJlNzExMTE3In0=", "expire_date": "2019-03-30T02:04:53.230Z"}}, {"model": "sessions.session", "pk": "vg7xzzr6l9hp4gk320hmgfwymm40bfml", "fields": {"session_data": "Njg4YTNiZDAwMDgzZGE0YjMzMzk2OWZmYWFkY2RiYTZmM2ZlN2I1Mjp7fQ==", "expire_date": "2019-03-19T08:30:54.858Z"}}, {"model": "sessions.session", "pk": "xs8ti02sjz3q8krzpovpf6ok89jnvwt8", "fields": {"session_data": "Njg4YTNiZDAwMDgzZGE0YjMzMzk2OWZmYWFkY2RiYTZmM2ZlN2I1Mjp7fQ==", "expire_date": "2019-03-19T08:32:24.809Z"}}, {"model": "blog.blogtype", "pk": 1, "fields": {"type_name": "Gjango"}}, {"model": "blog.blogtype", "pk": 2, "fields": {"type_name": "\u968f\u7b14"}}, {"model": "blog.blogtype", "pk": 3, "fields": {"type_name": "\u611f\u609f"}}, {"model": "read_statistics.readnum", "pk": 1, "fields": {"read_num": 27, "content_type": 7, "object_id": 36}}, {"model": "read_statistics.readnum", "pk": 2, "fields": {"read_num": 3, "content_type": 7, "object_id": 34}}, {"model": "read_statistics.readnum", "pk": 3, "fields": {"read_num": 2, "content_type": 7, "object_id": 33}}, {"model": "read_statistics.readnum", "pk": 4, "fields": {"read_num": 2, "content_type": 7, "object_id": 32}}, {"model": "read_statistics.readnum", "pk": 5, "fields": {"read_num": 7, "content_type": 7, "object_id": 35}}, {"model": "read_statistics.readnum", "pk": 6, "fields": {"read_num": 2, "content_type": 7, "object_id": 31}}, {"model": "read_statistics.readnum", "pk": 7, "fields": {"read_num": 4, "content_type": 7, "object_id": 30}}, {"model": "read_statistics.readnum", "pk": 8, "fields": {"read_num": 2, "content_type": 7, "object_id": 29}}, {"model": "read_statistics.readnum", "pk": 9, "fields": {"read_num": 6, "content_type": 7, "object_id": 7}}, {"model": "read_statistics.readnum", "pk": 10, "fields": {"read_num": 1, "content_type": 7, "object_id": 6}}, {"model": "read_statistics.readnum", "pk": 11, "fields": {"read_num": 1, "content_type": 7, "object_id": 28}}, {"model": "read_statistics.readnum", "pk": 12, "fields": {"read_num": 1, "content_type": 7, "object_id": 27}}, {"model": "read_statistics.readnum", "pk": 13, "fields": {"read_num": 6, "content_type": 7, "object_id": 26}}, {"model": "read_statistics.readnum", "pk": 14, "fields": {"read_num": 2, "content_type": 7, "object_id": 25}}, {"model": "read_statistics.readnum", "pk": 15, "fields": {"read_num": 2, "content_type": 7, "object_id": 24}}, {"model": "read_statistics.readnum", "pk": 16, "fields": {"read_num": 5, "content_type": 7, "object_id": 23}}, {"model": "read_statistics.readnum", "pk": 17, "fields": {"read_num": 2, "content_type": 7, "object_id": 22}}, {"model": "read_statistics.readnum", "pk": 18, "fields": {"read_num": 1, "content_type": 7, "object_id": 3}}, {"model": "read_statistics.readnum", "pk": 19, "fields": {"read_num": 1, "content_type": 7, "object_id": 4}}, {"model": "read_statistics.readnum", "pk": 20, "fields": {"read_num": 1, "content_type": 7, "object_id": 5}}, {"model": "read_statistics.readnum", "pk": 21, "fields": {"read_num": 2, "content_type": 7, "object_id": 8}}, {"model": "read_statistics.readnum", "pk": 22, "fields": {"read_num": 4, "content_type": 7, "object_id": 17}}, {"model": "read_statistics.readnum", "pk": 23, "fields": {"read_num": 3, "content_type": 7, "object_id": 16}}, {"model": "read_statistics.readnum", "pk": 24, "fields": {"read_num": 4, "content_type": 7, "object_id": 18}}, {"model": "read_statistics.readnum", "pk": 25, "fields": {"read_num": 2, "content_type": 7, "object_id": 10}}, {"model": "read_statistics.readnum", "pk": 26, "fields": {"read_num": 3, "content_type": 7, "object_id": 13}}, {"model": "read_statistics.readnum", "pk": 27, "fields": {"read_num": 2, "content_type": 7, "object_id": 15}}, {"model": "read_statistics.readnum", "pk": 28, "fields": {"read_num": 5, "content_type": 7, "object_id": 19}}, {"model": "read_statistics.readnum", "pk": 29, "fields": {"read_num": 2, "content_type": 7, "object_id": 14}}, {"model": "read_statistics.readnum", "pk": 30, "fields": {"read_num": 2, "content_type": 7, "object_id": 12}}, {"model": "read_statistics.readnum", "pk": 31, "fields": {"read_num": 2, "content_type": 7, "object_id": 11}}, {"model": "read_statistics.readnum", "pk": 32, "fields": {"read_num": 1, "content_type": 7, "object_id": 9}}, {"model": "read_statistics.readdetail", "pk": 1, "fields": {"date": "2019-02-19", "read_num": 4, "content_type": 7, "object_id": 36}}, {"model": "read_statistics.readdetail", "pk": 2, "fields": {"date": "2019-02-20", "read_num": 1, "content_type": 7, "object_id": 35}}, {"model": "read_statistics.readdetail", "pk": 3, "fields": {"date": "2019-02-20", "read_num": 1, "content_type": 7, "object_id": 36}}, {"model": "read_statistics.readdetail", "pk": 4, "fields": {"date": "2019-02-20", "read_num": 1, "content_type": 7, "object_id": 30}}, {"model": "read_statistics.readdetail", "pk": 5, "fields": {"date": "2019-02-20", "read_num": 4, "content_type": 7, "object_id": 7}}, {"model": "read_statistics.readdetail", "pk": 6, "fields": {"date": "2019-02-21", "read_num": 4, "content_type": 7, "object_id": 36}}, {"model": "read_statistics.readdetail", "pk": 7, "fields": {"date": "2019-02-21", "read_num": 1, "content_type": 7, "object_id": 7}}, {"model": "read_statistics.readdetail", "pk": 8, "fields": {"date": "2019-02-22", "read_num": 1, "content_type": 7, "object_id": 6}}, {"model": "read_statistics.readdetail", "pk": 9, "fields": {"date": "2019-02-24", "read_num": 1, "content_type": 7, "object_id": 36}}, {"model": "read_statistics.readdetail", "pk": 10, "fields": {"date": "2019-02-25", "read_num": 1, "content_type": 7, "object_id": 36}}, {"model": "read_statistics.readdetail", "pk": 11, "fields": {"date": "2019-02-27", "read_num": 2, "content_type": 7, "object_id": 36}}, {"model": "read_statistics.readdetail", "pk": 12, "fields": {"date": "2019-02-27", "read_num": 1, "content_type": 7, "object_id": 35}}, {"model": "read_statistics.readdetail", "pk": 13, "fields": {"date": "2019-02-27", "read_num": 1, "content_type": 7, "object_id": 34}}, {"model": "read_statistics.readdetail", "pk": 14, "fields": {"date": "2019-02-28", "read_num": 1, "content_type": 7, "object_id": 36}}, {"model": "read_statistics.readdetail", "pk": 15, "fields": {"date": "2019-02-28", "read_num": 1, "content_type": 7, "object_id": 35}}, {"model": "read_statistics.readdetail", "pk": 16, "fields": {"date": "2019-02-28", "read_num": 1, "content_type": 7, "object_id": 34}}, {"model": "read_statistics.readdetail", "pk": 17, "fields": {"date": "2019-02-28", "read_num": 1, "content_type": 7, "object_id": 33}}, {"model": "read_statistics.readdetail", "pk": 18, "fields": {"date": "2019-02-28", "read_num": 1, "content_type": 7, "object_id": 32}}, {"model": "read_statistics.readdetail", "pk": 19, "fields": {"date": "2019-02-28", "read_num": 1, "content_type": 7, "object_id": 31}}, {"model": "read_statistics.readdetail", "pk": 20, "fields": {"date": "2019-02-28", "read_num": 1, "content_type": 7, "object_id": 30}}, {"model": "read_statistics.readdetail", "pk": 21, "fields": {"date": "2019-02-28", "read_num": 1, "content_type": 7, "object_id": 29}}, {"model": "read_statistics.readdetail", "pk": 22, "fields": {"date": "2019-03-01", "read_num": 1, "content_type": 7, "object_id": 28}}, {"model": "read_statistics.readdetail", "pk": 23, "fields": {"date": "2019-03-01", "read_num": 1, "content_type": 7, "object_id": 27}}, {"model": "read_statistics.readdetail", "pk": 24, "fields": {"date": "2019-03-01", "read_num": 5, "content_type": 7, "object_id": 26}}, {"model": "read_statistics.readdetail", "pk": 25, "fields": {"date": "2019-03-01", "read_num": 1, "content_type": 7, "object_id": 25}}, {"model": "read_statistics.readdetail", "pk": 26, "fields": {"date": "2019-03-01", "read_num": 1, "content_type": 7, "object_id": 24}}, {"model": "read_statistics.readdetail", "pk": 27, "fields": {"date": "2019-03-01", "read_num": 1, "content_type": 7, "object_id": 23}}, {"model": "read_statistics.readdetail", "pk": 28, "fields": {"date": "2019-03-01", "read_num": 1, "content_type": 7, "object_id": 22}}, {"model": "read_statistics.readdetail", "pk": 29, "fields": {"date": "2019-03-02", "read_num": 1, "content_type": 7, "object_id": 36}}, {"model": "read_statistics.readdetail", "pk": 30, "fields": {"date": "2019-03-02", "read_num": 1, "content_type": 7, "object_id": 26}}, {"model": "read_statistics.readdetail", "pk": 31, "fields": {"date": "2019-03-02", "read_num": 1, "content_type": 7, "object_id": 25}}, {"model": "read_statistics.readdetail", "pk": 32, "fields": {"date": "2019-03-02", "read_num": 1, "content_type": 7, "object_id": 24}}, {"model": "read_statistics.readdetail", "pk": 33, "fields": {"date": "2019-03-02", "read_num": 6, "content_type": 7, "object_id": 23}}, {"model": "read_statistics.readdetail", "pk": 34, "fields": {"date": "2019-03-02", "read_num": 1, "content_type": 7, "object_id": 22}}, {"model": "read_statistics.readdetail", "pk": 35, "fields": {"date": "2019-03-02", "read_num": 1, "content_type": 7, "object_id": 3}}, {"model": "read_statistics.readdetail", "pk": 36, "fields": {"date": "2019-03-02", "read_num": 2, "content_type": 7, "object_id": 7}}, {"model": "read_statistics.readdetail", "pk": 37, "fields": {"date": "2019-03-02", "read_num": 1, "content_type": 7, "object_id": 4}}, {"model": "read_statistics.readdetail", "pk": 38, "fields": {"date": "2019-03-02", "read_num": 1, "content_type": 7, "object_id": 5}}, {"model": "read_statistics.readdetail", "pk": 39, "fields": {"date": "2019-03-02", "read_num": 1, "content_type": 7, "object_id": 8}}, {"model": "read_statistics.readdetail", "pk": 40, "fields": {"date": "2019-03-02", "read_num": 1, "content_type": 7, "object_id": 17}}, {"model": "read_statistics.readdetail", "pk": 41, "fields": {"date": "2019-03-02", "read_num": 1, "content_type": 7, "object_id": 16}}, {"model": "read_statistics.readdetail", "pk": 42, "fields": {"date": "2019-03-02", "read_num": 1, "content_type": 7, "object_id": 18}}, {"model": "read_statistics.readdetail", "pk": 43, "fields": {"date": "2019-03-02", "read_num": 1, "content_type": 7, "object_id": 10}}, {"model": "read_statistics.readdetail", "pk": 44, "fields": {"date": "2019-03-02", "read_num": 1, "content_type": 7, "object_id": 13}}, {"model": "read_statistics.readdetail", "pk": 45, "fields": {"date": "2019-03-02", "read_num": 1, "content_type": 7, "object_id": 15}}, {"model": "read_statistics.readdetail", "pk": 46, "fields": {"date": "2019-03-02", "read_num": 1, "content_type": 7, "object_id": 35}}, {"model": "read_statistics.readdetail", "pk": 47, "fields": {"date": "2019-03-02", "read_num": 1, "content_type": 7, "object_id": 30}}, {"model": "read_statistics.readdetail", "pk": 48, "fields": {"date": "2019-03-04", "read_num": 1, "content_type": 7, "object_id": 19}}, {"model": "read_statistics.readdetail", "pk": 49, "fields": {"date": "2019-03-04", "read_num": 1, "content_type": 7, "object_id": 7}}, {"model": "read_statistics.readdetail", "pk": 50, "fields": {"date": "2019-03-04", "read_num": 1, "content_type": 7, "object_id": 36}}, {"model": "read_statistics.readdetail", "pk": 51, "fields": {"date": "2019-03-04", "read_num": 1, "content_type": 7, "object_id": 35}}, {"model": "read_statistics.readdetail", "pk": 52, "fields": {"date": "2019-03-05", "read_num": 1, "content_type": 7, "object_id": 36}}, {"model": "read_statistics.readdetail", "pk": 53, "fields": {"date": "2019-03-06", "read_num": 1, "content_type": 7, "object_id": 26}}, {"model": "read_statistics.readdetail", "pk": 54, "fields": {"date": "2019-03-11", "read_num": 1, "content_type": 7, "object_id": 19}}, {"model": "read_statistics.readdetail", "pk": 55, "fields": {"date": "2019-03-11", "read_num": 1, "content_type": 7, "object_id": 36}}, {"model": "read_statistics.readdetail", "pk": 56, "fields": {"date": "2019-03-13", "read_num": 1, "content_type": 7, "object_id": 19}}, {"model": "read_statistics.readdetail", "pk": 57, "fields": {"date": "2019-03-14", "read_num": 1, "content_type": 7, "object_id": 36}}, {"model": "read_statistics.readdetail", "pk": 58, "fields": {"date": "2019-03-16", "read_num": 2, "content_type": 7, "object_id": 19}}, {"model": "read_statistics.readdetail", "pk": 59, "fields": {"date": "2019-03-16", "read_num": 3, "content_type": 7, "object_id": 18}}, {"model": "read_statistics.readdetail", "pk": 60, "fields": {"date": "2019-03-16", "read_num": 3, "content_type": 7, "object_id": 17}}, {"model": "read_statistics.readdetail", "pk": 61, "fields": {"date": "2019-03-16", "read_num": 2, "content_type": 7, "object_id": 16}}, {"model": "read_statistics.readdetail", "pk": 62, "fields": {"date": "2019-03-16", "read_num": 1, "content_type": 7, "object_id": 36}}, {"model": "read_statistics.readdetail", "pk": 63, "fields": {"date": "2019-03-16", "read_num": 1, "content_type": 7, "object_id": 15}}, {"model": "read_statistics.readdetail", "pk": 64, "fields": {"date": "2019-03-16", "read_num": 2, "content_type": 7, "object_id": 14}}, {"model": "read_statistics.readdetail", "pk": 65, "fields": {"date": "2019-03-16", "read_num": 2, "content_type": 7, "object_id": 13}}, {"model": "read_statistics.readdetail", "pk": 66, "fields": {"date": "2019-03-16", "read_num": 2, "content_type": 7, "object_id": 12}}, {"model": "read_statistics.readdetail", "pk": 67, "fields": {"date": "2019-03-16", "read_num": 2, "content_type": 7, "object_id": 11}}, {"model": "read_statistics.readdetail", "pk": 68, "fields": {"date": "2019-03-16", "read_num": 1, "content_type": 7, "object_id": 10}}, {"model": "read_statistics.readdetail", "pk": 69, "fields": {"date": "2019-03-16", "read_num": 1, "content_type": 7, "object_id": 9}}, {"model": "read_statistics.readdetail", "pk": 70, "fields": {"date": "2019-03-16", "read_num": 1, "content_type": 7, "object_id": 8}}, {"model": "read_statistics.readdetail", "pk": 71, "fields": {"date": "2019-03-16", "read_num": 1, "content_type": 7, "object_id": 7}}, {"model": "likes.likecount", "pk": 1, "fields": {"content_type": 7, "object_id": 36, "like_num": 0}}, {"model": "likes.likecount", "pk": 2, "fields": {"content_type": 7, "object_id": 35, "like_num": 0}}, {"model": "likes.likecount", "pk": 3, "fields": {"content_type": 7, "object_id": 34, "like_num": 0}}, {"model": "likes.likecount", "pk": 4, "fields": {"content_type": 7, "object_id": 33, "like_num": 0}}, {"model": "likes.likecount", "pk": 5, "fields": {"content_type": 7, "object_id": 32, "like_num": 0}}, {"model": "likes.likecount", "pk": 6, "fields": {"content_type": 7, "object_id": 31, "like_num": 0}}, {"model": "likes.likecount", "pk": 7, "fields": {"content_type": 7, "object_id": 30, "like_num": 0}}, {"model": "likes.likecount", "pk": 8, "fields": {"content_type": 7, "object_id": 8, "like_num": 0}}, {"model": "likes.likecount", "pk": 9, "fields": {"content_type": 7, "object_id": 7, "like_num": 0}}, {"model": "likes.likecount", "pk": 10, "fields": {"content_type": 7, "object_id": 6, "like_num": 0}}, {"model": "likes.likecount", "pk": 11, "fields": {"content_type": 7, "object_id": 5, "like_num": 0}}, {"model": "likes.likecount", "pk": 12, "fields": {"content_type": 7, "object_id": 4, "like_num": 0}}, {"model": "likes.likecount", "pk": 13, "fields": {"content_type": 7, "object_id": 3, "like_num": 0}}, {"model": "likes.likecount", "pk": 14, "fields": {"content_type": 7, "object_id": 15, "like_num": 0}}, {"model": "likes.likecount", "pk": 15, "fields": {"content_type": 7, "object_id": 14, "like_num": 0}}, {"model": "likes.likecount", "pk": 16, "fields": {"content_type": 7, "object_id": 13, "like_num": 0}}, {"model": "likes.likecount", "pk": 17, "fields": {"content_type": 7, "object_id": 12, "like_num": 0}}, {"model": "likes.likecount", "pk": 18, "fields": {"content_type": 7, "object_id": 11, "like_num": 0}}, {"model": "likes.likecount", "pk": 19, "fields": {"content_type": 7, "object_id": 10, "like_num": 0}}, {"model": "likes.likecount", "pk": 20, "fields": {"content_type": 7, "object_id": 9, "like_num": 0}}, {"model": "likes.likecount", "pk": 21, "fields": {"content_type": 7, "object_id": 29, "like_num": 0}}, {"model": "likes.likecount", "pk": 22, "fields": {"content_type": 7, "object_id": 28, "like_num": 0}}, {"model": "likes.likecount", "pk": 23, "fields": {"content_type": 7, "object_id": 27, "like_num": 0}}, {"model": "likes.likecount", "pk": 24, "fields": {"content_type": 7, "object_id": 26, "like_num": 0}}, {"model": "likes.likecount", "pk": 25, "fields": {"content_type": 7, "object_id": 25, "like_num": 0}}, {"model": "likes.likecount", "pk": 26, "fields": {"content_type": 7, "object_id": 24, "like_num": 0}}, {"model": "likes.likecount", "pk": 27, "fields": {"content_type": 7, "object_id": 23, "like_num": 0}}, {"model": "likes.likecount", "pk": 28, "fields": {"content_type": 7, "object_id": 22, "like_num": 0}}, {"model": "likes.likecount", "pk": 29, "fields": {"content_type": 7, "object_id": 21, "like_num": 0}}, {"model": "likes.likecount", "pk": 30, "fields": {"content_type": 7, "object_id": 20, "like_num": 0}}, {"model": "likes.likecount", "pk": 31, "fields": {"content_type": 7, "object_id": 19, "like_num": 1}}, {"model": "likes.likecount", "pk": 32, "fields": {"content_type": 7, "object_id": 18, "like_num": 0}}, {"model": "likes.likecount", "pk": 33, "fields": {"content_type": 7, "object_id": 17, "like_num": 0}}, {"model": "likes.likecount", "pk": 34, "fields": {"content_type": 7, "object_id": 16, "like_num": 0}}, {"model": "likes.likecount", "pk": 35, "fields": {"content_type": 12, "object_id": 62, "like_num": 0}}, {"model": "likes.likecount", "pk": 36, "fields": {"content_type": 12, "object_id": 47, "like_num": 0}}, {"model": "likes.likecount", "pk": 37, "fields": {"content_type": 12, "object_id": 46, "like_num": 0}}, {"model": "likes.likecount", "pk": 38, "fields": {"content_type": 12, "object_id": 45, "like_num": 0}}, {"model": "likes.likecount", "pk": 39, "fields": {"content_type": 12, "object_id": 44, "like_num": 0}}, {"model": "likes.likecount", "pk": 40, "fields": {"content_type": 12, "object_id": 40, "like_num": 0}}, {"model": "likes.likecount", "pk": 41, "fields": {"content_type": 12, "object_id": 43, "like_num": 0}}, {"model": "likes.likecount", "pk": 42, "fields": {"content_type": 12, "object_id": 39, "like_num": 0}}, {"model": "likes.likecount", "pk": 43, "fields": {"content_type": 12, "object_id": 38, "like_num": 0}}, {"model": "likes.likecount", "pk": 44, "fields": {"content_type": 12, "object_id": 37, "like_num": 0}}, {"model": "likes.likecount", "pk": 45, "fields": {"content_type": 12, "object_id": 36, "like_num": 0}}, {"model": "likes.likecount", "pk": 46, "fields": {"content_type": 12, "object_id": 35, "like_num": 0}}, {"model": "likes.likecount", "pk": 47, "fields": {"content_type": 12, "object_id": 34, "like_num": 0}}, {"model": "likes.likecount", "pk": 48, "fields": {"content_type": 12, "object_id": 33, "like_num": 0}}, {"model": "likes.likecount", "pk": 49, "fields": {"content_type": 12, "object_id": 32, "like_num": 0}}, {"model": "likes.likecount", "pk": 50, "fields": {"content_type": 12, "object_id": 31, "like_num": 0}}, {"model": "likes.likecount", "pk": 51, "fields": {"content_type": 12, "object_id": 30, "like_num": 0}}, {"model": "likes.likecount", "pk": 52, "fields": {"content_type": 12, "object_id": 29, "like_num": 0}}, {"model": "likes.likecount", "pk": 53, "fields": {"content_type": 12, "object_id": 28, "like_num": 0}}, {"model": "likes.likecount", "pk": 54, "fields": {"content_type": 12, "object_id": 27, "like_num": 0}}, {"model": "likes.likecount", "pk": 55, "fields": {"content_type": 12, "object_id": 26, "like_num": 0}}, {"model": "likes.likecount", "pk": 56, "fields": {"content_type": 12, "object_id": 25, "like_num": 0}}, {"model": "likes.likecount", "pk": 57, "fields": {"content_type": 12, "object_id": 24, "like_num": 0}}, {"model": "likes.likecount", "pk": 58, "fields": {"content_type": 12, "object_id": 23, "like_num": 0}}, {"model": "likes.likecount", "pk": 59, "fields": {"content_type": 12, "object_id": 22, "like_num": 0}}, {"model": "likes.likecount", "pk": 60, "fields": {"content_type": 12, "object_id": 21, "like_num": 0}}, {"model": "likes.likecount", "pk": 61, "fields": {"content_type": 12, "object_id": 20, "like_num": 0}}, {"model": "likes.likecount", "pk": 62, "fields": {"content_type": 12, "object_id": 19, "like_num": 0}}, {"model": "likes.likecount", "pk": 63, "fields": {"content_type": 12, "object_id": 18, "like_num": 0}}, {"model": "likes.likecount", "pk": 64, "fields": {"content_type": 12, "object_id": 17, "like_num": 0}}, {"model": "likes.likecount", "pk": 65, "fields": {"content_type": 12, "object_id": 16, "like_num": 0}}, {"model": "likes.likecount", "pk": 66, "fields": {"content_type": 12, "object_id": 15, "like_num": 0}}, {"model": "likes.likecount", "pk": 67, "fields": {"content_type": 12, "object_id": 14, "like_num": 0}}, {"model": "likes.likecount", "pk": 68, "fields": {"content_type": 12, "object_id": 13, "like_num": 0}}, {"model": "likes.likecount", "pk": 69, "fields": {"content_type": 12, "object_id": 12, "like_num": 0}}, {"model": "likes.likecount", "pk": 70, "fields": {"content_type": 12, "object_id": 11, "like_num": 0}}, {"model": "likes.likecount", "pk": 71, "fields": {"content_type": 12, "object_id": 10, "like_num": 0}}, {"model": "likes.likecount", "pk": 72, "fields": {"content_type": 12, "object_id": 9, "like_num": 0}}, {"model": "likes.likecount", "pk": 73, "fields": {"content_type": 12, "object_id": 8, "like_num": 0}}, {"model": "likes.likecount", "pk": 74, "fields": {"content_type": 12, "object_id": 7, "like_num": 0}}, {"model": "likes.likecount", "pk": 75, "fields": {"content_type": 12, "object_id": 6, "like_num": 0}}, {"model": "likes.likecount", "pk": 76, "fields": {"content_type": 12, "object_id": 4, "like_num": 0}}, {"model": "likes.likecount", "pk": 77, "fields": {"content_type": 12, "object_id": 2, "like_num": 0}}, {"model": "likes.likecount", "pk": 78, "fields": {"content_type": 12, "object_id": 57, "like_num": 0}}, {"model": "likes.likecount", "pk": 79, "fields": {"content_type": 12, "object_id": 64, "like_num": 0}}, {"model": "likes.likecount", "pk": 80, "fields": {"content_type": 12, "object_id": 63, "like_num": 0}}, {"model": "likes.likecount", "pk": 81, "fields": {"content_type": 12, "object_id": 77, "like_num": 1}}, {"model": "likes.likecount", "pk": 82, "fields": {"content_type": 12, "object_id": 78, "like_num": 0}}, {"model": "likes.likecount", "pk": 83, "fields": {"content_type": 12, "object_id": 79, "like_num": 0}}, {"model": "likes.likecount", "pk": 84, "fields": {"content_type": 12, "object_id": 82, "like_num": 0}}, {"model": "likes.likecount", "pk": 85, "fields": {"content_type": 12, "object_id": 80, "like_num": 0}}, {"model": "likes.likecount", "pk": 86, "fields": {"content_type": 12, "object_id": 81, "like_num": 0}}, {"model": "likes.likecount", "pk": 87, "fields": {"content_type": 12, "object_id": 88, "like_num": 1}}, {"model": "likes.likecount", "pk": 88, "fields": {"content_type": 12, "object_id": 89, "like_num": 0}}, {"model": "likes.likecount", "pk": 89, "fields": {"content_type": 12, "object_id": 90, "like_num": 1}}, {"model": "likes.likecount", "pk": 90, "fields": {"content_type": 12, "object_id": 91, "like_num": 0}}, {"model": "likes.likecount", "pk": 91, "fields": {"content_type": 12, "object_id": 92, "like_num": 0}}, {"model": "likes.likecount", "pk": 92, "fields": {"content_type": 12, "object_id": 93, "like_num": 0}}, {"model": "likes.likecount", "pk": 93, "fields": {"content_type": 12, "object_id": 94, "like_num": 0}}, {"model": "likes.likecount", "pk": 94, "fields": {"content_type": 12, "object_id": 96, "like_num": 0}}, {"model": "likes.likecount", "pk": 95, "fields": {"content_type": 12, "object_id": 97, "like_num": 0}}, {"model": "likes.likecount", "pk": 96, "fields": {"content_type": 12, "object_id": 98, "like_num": 0}}, {"model": "likes.likecount", "pk": 97, "fields": {"content_type": 12, "object_id": 99, "like_num": 0}}, {"model": "likes.likecount", "pk": 98, "fields": {"content_type": 12, "object_id": 100, "like_num": 0}}, {"model": "likes.likecount", "pk": 99, "fields": {"content_type": 12, "object_id": 106, "like_num": 0}}, {"model": "likes.likecount", "pk": 100, "fields": {"content_type": 12, "object_id": 105, "like_num": 0}}, {"model": "likes.likecount", "pk": 101, "fields": {"content_type": 12, "object_id": 95, "like_num": 0}}, {"model": "likes.likecount", "pk": 102, "fields": {"content_type": 12, "object_id": 108, "like_num": 0}}, {"model": "auth.permission", "pk": 1, "fields": {"name": "Can add log entry", "content_type": 1, "codename": "add_logentry"}}, {"model": "auth.permission", "pk": 2, "fields": {"name": "Can change log entry", "content_type": 1, "codename": "change_logentry"}}, {"model": "auth.permission", "pk": 3, "fields": {"name": "Can delete log entry", "content_type": 1, "codename": "delete_logentry"}}, {"model": "auth.permission", "pk": 4, "fields": {"name": "Can add permission", "content_type": 2, "codename": "add_permission"}}, {"model": "auth.permission", "pk": 5, "fields": {"name": "Can change permission", "content_type": 2, "codename": "change_permission"}}, {"model": "auth.permission", "pk": 6, "fields": {"name": "Can delete permission", "content_type": 2, "codename": "delete_permission"}}, {"model": "auth.permission", "pk": 7, "fields": {"name": "Can add group", "content_type": 3, "codename": "add_group"}}, {"model": "auth.permission", "pk": 8, "fields": {"name": "Can change group", "content_type": 3, "codename": "change_group"}}, {"model": "auth.permission", "pk": 9, "fields": {"name": "Can delete group", "content_type": 3, "codename": "delete_group"}}, {"model": "auth.permission", "pk": 10, "fields": {"name": "Can add user", "content_type": 4, "codename": "add_user"}}, {"model": "auth.permission", "pk": 11, "fields": {"name": "Can change user", "content_type": 4, "codename": "change_user"}}, {"model": "auth.permission", "pk": 12, "fields": {"name": "Can delete user", "content_type": 4, "codename": "delete_user"}}, {"model": "auth.permission", "pk": 13, "fields": {"name": "Can add content type", "content_type": 5, "codename": "add_contenttype"}}, {"model": "auth.permission", "pk": 14, "fields": {"name": "Can change content type", "content_type": 5, "codename": "change_contenttype"}}, {"model": "auth.permission", "pk": 15, "fields": {"name": "Can delete content type", "content_type": 5, "codename": "delete_contenttype"}}, {"model": "auth.permission", "pk": 16, "fields": {"name": "Can add session", "content_type": 6, "codename": "add_session"}}, {"model": "auth.permission", "pk": 17, "fields": {"name": "Can change session", "content_type": 6, "codename": "change_session"}}, {"model": "auth.permission", "pk": 18, "fields": {"name": "Can delete session", "content_type": 6, "codename": "delete_session"}}, {"model": "auth.permission", "pk": 19, "fields": {"name": "Can add blog", "content_type": 7, "codename": "add_blog"}}, {"model": "auth.permission", "pk": 20, "fields": {"name": "Can change blog", "content_type": 7, "codename": "change_blog"}}, {"model": "auth.permission", "pk": 21, "fields": {"name": "Can delete blog", "content_type": 7, "codename": "delete_blog"}}, {"model": "auth.permission", "pk": 22, "fields": {"name": "Can add blog type", "content_type": 8, "codename": "add_blogtype"}}, {"model": "auth.permission", "pk": 23, "fields": {"name": "Can change blog type", "content_type": 8, "codename": "change_blogtype"}}, {"model": "auth.permission", "pk": 24, "fields": {"name": "Can delete blog type", "content_type": 8, "codename": "delete_blogtype"}}, {"model": "auth.permission", "pk": 25, "fields": {"name": "Can add read num", "content_type": 9, "codename": "add_readnum"}}, {"model": "auth.permission", "pk": 26, "fields": {"name": "Can change read num", "content_type": 9, "codename": "change_readnum"}}, {"model": "auth.permission", "pk": 27, "fields": {"name": "Can delete read num", "content_type": 9, "codename": "delete_readnum"}}, {"model": "auth.permission", "pk": 28, "fields": {"name": "Can add read num", "content_type": 10, "codename": "add_readnum"}}, {"model": "auth.permission", "pk": 29, "fields": {"name": "Can change read num", "content_type": 10, "codename": "change_readnum"}}, {"model": "auth.permission", "pk": 30, "fields": {"name": "Can delete read num", "content_type": 10, "codename": "delete_readnum"}}, {"model": "auth.permission", "pk": 31, "fields": {"name": "Can add read detail", "content_type": 11, "codename": "add_readdetail"}}, {"model": "auth.permission", "pk": 32, "fields": {"name": "Can change read detail", "content_type": 11, "codename": "change_readdetail"}}, {"model": "auth.permission", "pk": 33, "fields": {"name": "Can delete read detail", "content_type": 11, "codename": "delete_readdetail"}}, {"model": "auth.permission", "pk": 34, "fields": {"name": "Can add comment", "content_type": 12, "codename": "add_comment"}}, {"model": "auth.permission", "pk": 35, "fields": {"name": "Can change comment", "content_type": 12, "codename": "change_comment"}}, {"model": "auth.permission", "pk": 36, "fields": {"name": "Can delete comment", "content_type": 12, "codename": "delete_comment"}}, {"model": "auth.permission", "pk": 37, "fields": {"name": "Can add like record", "content_type": 13, "codename": "add_likerecord"}}, {"model": "auth.permission", "pk": 38, "fields": {"name": "Can change like record", "content_type": 13, "codename": "change_likerecord"}}, {"model": "auth.permission", "pk": 39, "fields": {"name": "Can delete like record", "content_type": 13, "codename": "delete_likerecord"}}, {"model": "auth.permission", "pk": 40, "fields": {"name": "Can add like count", "content_type": 14, "codename": "add_likecount"}}, {"model": "auth.permission", "pk": 41, "fields": {"name": "Can change like count", "content_type": 14, "codename": "change_likecount"}}, {"model": "auth.permission", "pk": 42, "fields": {"name": "Can delete like count", "content_type": 14, "codename": "delete_likecount"}}, {"model": "auth.permission", "pk": 43, "fields": {"name": "Can add profile", "content_type": 15, "codename": "add_profile"}}, {"model": "auth.permission", "pk": 44, "fields": {"name": "Can change profile", "content_type": 15, "codename": "change_profile"}}, {"model": "auth.permission", "pk": 45, "fields": {"name": "Can delete profile", "content_type": 15, "codename": "delete_profile"}}, {"model": "auth.user", "pk": 1, "fields": {"password": "pbkdf2_sha256$100000$iX8MkmKnnrEi$CZUNPh1uyg8GiHhyHg+qttSrGZhr9P+3sWMj/BJbFEw=", "last_login": "2019-03-16T02:04:53.144Z", "is_superuser": true, "username": "lz", "first_name": "", "last_name": "", "email": "18291408728@163.com", "is_staff": true, "is_active": true, "date_joined": "2019-01-26T07:33:00Z", "groups": [], "user_permissions": []}}, {"model": "auth.user", "pk": 3, "fields": {"password": "pbkdf2_sha256$100000$W7gECdsGuTQ1$Vp+0ThtSBl42HYYfT2QKwW9gU/wTKanhNa5Ha5iJ0QU=", "last_login": "2019-03-15T02:39:47.555Z", "is_superuser": false, "username": "\u5e73\u51e1", "first_name": "", "last_name": "", "email": "1094363895@qq.com", "is_staff": false, "is_active": true, "date_joined": "2019-03-14T02:26:03.628Z", "groups": [], "user_permissions": []}}, {"model": "blog.blog", "pk": 3, "fields": {"title": "\u957f\u5185\u5bb9\u7684\u535a\u5ba2", "blog_type": 2, "content": "<h2>1.\u6d4b\u8bd5</h2>\r\n\r\n<p>\u8fd9\u5ea7\u57ce\u5e02\u98ce\u5f88\u5927\uff0c\u5b64\u72ec\u7684\u4eba\u603b\u662f\u5f88\u665a\u56de\u5bb6\u3002<strong>\u8fd9\u5ea7\u57ce\u5e02\u98ce\u5f88\u5927\uff0c\u5b64\u72ec\u7684\u4eba\u603b\u662f\u5f88\u665a\u56de\u5bb6\u3002<img alt=\"\" src=\"/media/upload/2019/02/18/bustrap.PNG\" style=\"height:590px; width:750px\" /></strong><br />\r\n\u8fd9\u5ea7\u57ce\u5e02\u98ce\u5f88\u5927\uff0c\u5b64\u72ec\u7684\u4eba\u603b\u662f\u5f88\u665a\u56de\u5bb6\u3002\u8fd9\u5ea7\u57ce\u5e02\u98ce\u5f88\u5927<span style=\"color:#e67e22\">\uff0c\u5b64\u72ec\u7684</span>\u4eba\u603b\u662f<span style=\"background-color:#8e44ad\">\u5f88\u665a\u56de\u5bb6\u3002</span></p>\r\n\r\n<p>&nbsp;</p>", "author": 1, "created_time": "2019-01-26T13:59:43.314Z", "last_updated_time": "2019-02-18T05:30:38.047Z"}}, {"model": "blog.blog", "pk": 4, "fields": {"title": "\u54c8\u54c8\u54c8", "blog_type": 2, "content": "\u6211\u771f\u7684\u4e0d\u6253", "author": 1, "created_time": "2019-01-26T16:38:59.461Z", "last_updated_time": "2019-01-26T16:38:59.461Z"}}, {"model": "blog.blog", "pk": 5, "fields": {"title": "\u4f60\u53ef\u4ee5", "blog_type": 1, "content": "\u5c01\u4e3a\u8f85\u6211", "author": 1, "created_time": "2019-01-26T16:39:13.706Z", "last_updated_time": "2019-01-26T16:39:13.706Z"}}, {"model": "blog.blog", "pk": 6, "fields": {"title": "shell\u4e0b\u7684\u7b2c\u4e00\u7bc7\u535a\u5ba2", "blog_type": 1, "content": "xxxxxxxx", "author": 1, "created_time": "2019-02-12T03:32:49.300Z", "last_updated_time": "2019-02-12T03:32:49.300Z"}}, {"model": "blog.blog", "pk": 7, "fields": {"title": "for 1", "blog_type": 1, "content": "xxx:1", "author": 1, "created_time": "2019-02-12T03:42:20.536Z", "last_updated_time": "2019-02-12T03:42:20.536Z"}}, {"model": "blog.blog", "pk": 8, "fields": {"title": "for 2", "blog_type": 1, "content": "xxx:2", "author": 1, "created_time": "2019-02-12T03:42:20.723Z", "last_updated_time": "2019-02-12T03:42:20.723Z"}}, {"model": "blog.blog", "pk": 9, "fields": {"title": "for 3", "blog_type": 1, "content": "xxx:3", "author": 1, "created_time": "2019-02-12T03:42:20.854Z", "last_updated_time": "2019-02-12T03:42:20.854Z"}}, {"model": "blog.blog", "pk": 10, "fields": {"title": "for 4", "blog_type": 1, "content": "xxx:4", "author": 1, "created_time": "2019-02-12T03:42:20.937Z", "last_updated_time": "2019-02-12T03:42:20.937Z"}}, {"model": "blog.blog", "pk": 11, "fields": {"title": "for 5", "blog_type": 1, "content": "xxx:5", "author": 1, "created_time": "2019-02-12T03:42:21.020Z", "last_updated_time": "2019-02-12T03:42:21.020Z"}}, {"model": "blog.blog", "pk": 12, "fields": {"title": "for 6", "blog_type": 1, "content": "xxx:6", "author": 1, "created_time": "2019-02-12T03:42:21.094Z", "last_updated_time": "2019-02-12T03:42:21.094Z"}}, {"model": "blog.blog", "pk": 13, "fields": {"title": "for 7", "blog_type": 1, "content": "xxx:7", "author": 1, "created_time": "2019-02-12T03:42:21.168Z", "last_updated_time": "2019-02-12T03:42:21.168Z"}}, {"model": "blog.blog", "pk": 14, "fields": {"title": "for 8", "blog_type": 1, "content": "xxx:8", "author": 1, "created_time": "2019-02-12T03:42:21.267Z", "last_updated_time": "2019-02-12T03:42:21.267Z"}}, {"model": "blog.blog", "pk": 15, "fields": {"title": "for 9", "blog_type": 1, "content": "xxx:9", "author": 1, "created_time": "2019-02-12T03:42:21.351Z", "last_updated_time": "2019-02-12T03:42:21.351Z"}}, {"model": "blog.blog", "pk": 16, "fields": {"title": "for 10", "blog_type": 1, "content": "<p>xxx:10<img alt=\"\" src=\"/media/upload/2019/02/18/2.PNG\" style=\"height:1080px; width:900px\" /></p>", "author": 1, "created_time": "2019-02-12T03:42:21.515Z", "last_updated_time": "2019-02-18T05:32:29.294Z"}}, {"model": "blog.blog", "pk": 17, "fields": {"title": "for 11", "blog_type": 1, "content": "xxx:11", "author": 1, "created_time": "2019-02-12T03:42:21.598Z", "last_updated_time": "2019-02-12T03:42:21.598Z"}}, {"model": "blog.blog", "pk": 18, "fields": {"title": "for 12", "blog_type": 1, "content": "xxx:12", "author": 1, "created_time": "2019-02-12T03:42:21.683Z", "last_updated_time": "2019-02-12T03:42:21.683Z"}}, {"model": "blog.blog", "pk": 19, "fields": {"title": "for 13", "blog_type": 1, "content": "xxx:13", "author": 1, "created_time": "2019-02-12T03:42:21.780Z", "last_updated_time": "2019-02-12T03:42:21.781Z"}}, {"model": "blog.blog", "pk": 20, "fields": {"title": "for 14", "blog_type": 1, "content": "xxx:14", "author": 1, "created_time": "2019-02-12T03:42:21.899Z", "last_updated_time": "2019-02-12T03:42:21.899Z"}}, {"model": "blog.blog", "pk": 21, "fields": {"title": "for 15", "blog_type": 1, "content": "xxx:15", "author": 1, "created_time": "2019-02-12T03:42:22.006Z", "last_updated_time": "2019-02-12T03:42:22.006Z"}}, {"model": "blog.blog", "pk": 22, "fields": {"title": "for 16", "blog_type": 1, "content": "xxx:16", "author": 1, "created_time": "2019-02-12T03:42:22.089Z", "last_updated_time": "2019-02-12T03:42:22.089Z"}}, {"model": "blog.blog", "pk": 23, "fields": {"title": "for 17", "blog_type": 1, "content": "xxx:17", "author": 1, "created_time": "2019-02-12T03:42:22.164Z", "last_updated_time": "2019-02-12T03:42:22.164Z"}}, {"model": "blog.blog", "pk": 24, "fields": {"title": "for 18", "blog_type": 1, "content": "xxx:18", "author": 1, "created_time": "2019-02-12T03:42:22.248Z", "last_updated_time": "2019-02-12T03:42:22.248Z"}}, {"model": "blog.blog", "pk": 25, "fields": {"title": "for 19", "blog_type": 1, "content": "xxx:19", "author": 1, "created_time": "2019-02-12T03:42:22.343Z", "last_updated_time": "2019-02-12T03:42:22.343Z"}}, {"model": "blog.blog", "pk": 26, "fields": {"title": "for 20", "blog_type": 1, "content": "xxx:20", "author": 1, "created_time": "2019-02-12T03:42:22.417Z", "last_updated_time": "2019-02-12T03:42:22.418Z"}}, {"model": "blog.blog", "pk": 27, "fields": {"title": "for 21", "blog_type": 1, "content": "xxx:21", "author": 1, "created_time": "2019-02-12T03:42:22.492Z", "last_updated_time": "2019-02-12T03:42:22.492Z"}}, {"model": "blog.blog", "pk": 28, "fields": {"title": "for 22", "blog_type": 1, "content": "xxx:22", "author": 1, "created_time": "2019-02-12T03:42:22.579Z", "last_updated_time": "2019-02-12T03:42:22.579Z"}}, {"model": "blog.blog", "pk": 29, "fields": {"title": "for 23", "blog_type": 1, "content": "xxx:23", "author": 1, "created_time": "2019-02-12T03:42:22.662Z", "last_updated_time": "2019-02-12T03:42:22.662Z"}}, {"model": "blog.blog", "pk": 30, "fields": {"title": "for 24", "blog_type": 1, "content": "xxx:24", "author": 1, "created_time": "2019-02-12T03:42:22.781Z", "last_updated_time": "2019-02-12T03:42:22.781Z"}}, {"model": "blog.blog", "pk": 31, "fields": {"title": "for 25", "blog_type": 1, "content": "xxx:25", "author": 1, "created_time": "2019-02-12T03:42:22.867Z", "last_updated_time": "2019-02-12T03:42:22.868Z"}}, {"model": "blog.blog", "pk": 32, "fields": {"title": "for 26", "blog_type": 1, "content": "xxx:26", "author": 1, "created_time": "2019-02-12T03:42:22.952Z", "last_updated_time": "2019-02-12T03:42:22.952Z"}}, {"model": "blog.blog", "pk": 33, "fields": {"title": "for 27", "blog_type": 1, "content": "xxx:27", "author": 1, "created_time": "2019-02-12T03:42:23.038Z", "last_updated_time": "2019-02-12T03:42:23.038Z"}}, {"model": "blog.blog", "pk": 34, "fields": {"title": "for 28", "blog_type": 1, "content": "xxx:28", "author": 1, "created_time": "2019-02-12T03:42:23.121Z", "last_updated_time": "2019-02-12T03:42:23.121Z"}}, {"model": "blog.blog", "pk": 35, "fields": {"title": "for 29", "blog_type": 1, "content": "xxx:29", "author": 1, "created_time": "2019-02-12T03:42:23.205Z", "last_updated_time": "2019-02-18T07:11:50.432Z"}}, {"model": "blog.blog", "pk": 36, "fields": {"title": "for 30", "blog_type": 1, "content": "xxx:30", "author": 1, "created_time": "2019-02-12T03:42:23.359Z", "last_updated_time": "2019-02-18T07:16:32.155Z"}}, {"model": "comment.comment", "pk": 2, "fields": {"text": "e43t 3", "comment_time": "2019-02-24T01:32:59.355Z", "user": 1, "content_type": 7, "object_id": 36, "root": null, "parent": null, "reply_to": null}}, {"model": "comment.comment", "pk": 4, "fields": {"text": "wteeryreyeryrtyru", "comment_time": "2019-02-27T03:06:57.065Z", "user": 1, "content_type": 7, "object_id": 36, "root": null, "parent": null, "reply_to": null}}, {"model": "comment.comment", "pk": 6, "fields": {"text": "<p>567</p>", "comment_time": "2019-02-27T06:43:18.204Z", "user": 1, "content_type": 7, "object_id": 36, "root": null, "parent": null, "reply_to": null}}, {"model": "comment.comment", "pk": 7, "fields": {"text": "<p>678</p>", "comment_time": "2019-02-27T07:44:04.966Z", "user": 1, "content_type": 7, "object_id": 36, "root": null, "parent": null, "reply_to": null}}, {"model": "comment.comment", "pk": 8, "fields": {"text": "<p>678</p>", "comment_time": "2019-02-27T07:44:42.257Z", "user": 1, "content_type": 7, "object_id": 36, "root": null, "parent": null, "reply_to": null}}, {"model": "comment.comment", "pk": 9, "fields": {"text": "<p>678</p>", "comment_time": "2019-02-27T07:44:43.535Z", "user": 1, "content_type": 7, "object_id": 36, "root": null, "parent": null, "reply_to": null}}, {"model": "comment.comment", "pk": 10, "fields": {"text": "<p>789</p>", "comment_time": "2019-02-27T07:52:08.380Z", "user": 1, "content_type": 7, "object_id": 36, "root": null, "parent": null, "reply_to": null}}, {"model": "comment.comment", "pk": 11, "fields": {"text": "<p>yui</p>", "comment_time": "2019-02-27T08:04:10.127Z", "user": 1, "content_type": 7, "object_id": 36, "root": null, "parent": null, "reply_to": null}}, {"model": "comment.comment", "pk": 12, "fields": {"text": "<p>yui</p>", "comment_time": "2019-02-27T08:04:12.226Z", "user": 1, "content_type": 7, "object_id": 36, "root": null, "parent": null, "reply_to": null}}, {"model": "comment.comment", "pk": 13, "fields": {"text": "<p>yui</p>", "comment_time": "2019-02-27T08:04:13.030Z", "user": 1, "content_type": 7, "object_id": 36, "root": null, "parent": null, "reply_to": null}}, {"model": "comment.comment", "pk": 14, "fields": {"text": "<p>yui</p>", "comment_time": "2019-02-27T08:04:13.971Z", "user": 1, "content_type": 7, "object_id": 36, "root": null, "parent": null, "reply_to": null}}, {"model": "comment.comment", "pk": 15, "fields": {"text": "<p>yui</p>", "comment_time": "2019-02-27T08:04:14.747Z", "user": 1, "content_type": 7, "object_id": 36, "root": null, "parent": null, "reply_to": null}}, {"model": "comment.comment", "pk": 16, "fields": {"text": "<p>yui</p>", "comment_time": "2019-02-27T08:04:15.208Z", "user": 1, "content_type": 7, "object_id": 36, "root": null, "parent": null, "reply_to": null}}, {"model": "comment.comment", "pk": 17, "fields": {"text": "<p>yui</p>", "comment_time": "2019-02-27T08:04:15.610Z", "user": 1, "content_type": 7, "object_id": 36, "root": null, "parent": null, "reply_to": null}}, {"model": "comment.comment", "pk": 18, "fields": {"text": "<p>yui</p>", "comment_time": "2019-02-27T08:04:15.968Z", "user": 1, "content_type": 7, "object_id": 36, "root": null, "parent": null, "reply_to": null}}, {"model": "comment.comment", "pk": 19, "fields": {"text": "<p>yui</p>", "comment_time": "2019-02-27T08:04:16.588Z", "user": 1, "content_type": 7, "object_id": 36, "root": null, "parent": null, "reply_to": null}}, {"model": "comment.comment", "pk": 20, "fields": {"text": "<p>yui</p>", "comment_time": "2019-02-27T08:04:16.780Z", "user": 1, "content_type": 7, "object_id": 36, "root": null, "parent": null, "reply_to": null}}, {"model": "comment.comment", "pk": 21, "fields": {"text": "<p>yui</p>", "comment_time": "2019-02-27T08:04:16.993Z", "user": 1, "content_type": 7, "object_id": 36, "root": null, "parent": null, "reply_to": null}}, {"model": "comment.comment", "pk": 22, "fields": {"text": "<p>yui</p>", "comment_time": "2019-02-27T08:04:17.158Z", "user": 1, "content_type": 7, "object_id": 36, "root": null, "parent": null, "reply_to": null}}, {"model": "comment.comment", "pk": 23, "fields": {"text": "<p>yui</p>", "comment_time": "2019-02-27T08:04:17.336Z", "user": 1, "content_type": 7, "object_id": 36, "root": null, "parent": null, "reply_to": null}}, {"model": "comment.comment", "pk": 24, "fields": {"text": "<p>yui</p>", "comment_time": "2019-02-27T08:04:17.505Z", "user": 1, "content_type": 7, "object_id": 36, "root": null, "parent": null, "reply_to": null}}, {"model": "comment.comment", "pk": 25, "fields": {"text": "<p>hahaha</p>", "comment_time": "2019-02-27T08:04:33.794Z", "user": 1, "content_type": 7, "object_id": 36, "root": null, "parent": null, "reply_to": null}}, {"model": "comment.comment", "pk": 26, "fields": {"text": "<p>ewqwqweqewq</p>", "comment_time": "2019-02-27T08:05:12.322Z", "user": 1, "content_type": 7, "object_id": 36, "root": null, "parent": null, "reply_to": null}}, {"model": "comment.comment", "pk": 27, "fields": {"text": "<p>fsarqr</p>", "comment_time": "2019-02-27T08:05:19.369Z", "user": 1, "content_type": 7, "object_id": 36, "root": null, "parent": null, "reply_to": null}}, {"model": "comment.comment", "pk": 28, "fields": {"text": "<p>111111111111111</p>", "comment_time": "2019-02-27T08:07:18.149Z", "user": 1, "content_type": 7, "object_id": 36, "root": null, "parent": null, "reply_to": null}}, {"model": "comment.comment", "pk": 29, "fields": {"text": "<p>111111111111111</p>", "comment_time": "2019-02-27T08:07:24.371Z", "user": 1, "content_type": 7, "object_id": 36, "root": null, "parent": null, "reply_to": null}}, {"model": "comment.comment", "pk": 30, "fields": {"text": "<p>ewq</p>", "comment_time": "2019-02-27T08:08:44.337Z", "user": 1, "content_type": 7, "object_id": 36, "root": null, "parent": null, "reply_to": null}}, {"model": "comment.comment", "pk": 31, "fields": {"text": "<p>qewqewdsasfas</p>", "comment_time": "2019-02-27T08:09:40.727Z", "user": 1, "content_type": 7, "object_id": 36, "root": null, "parent": null, "reply_to": null}}, {"model": "comment.comment", "pk": 32, "fields": {"text": "<p>2222222222222222222222222222</p>", "comment_time": "2019-02-27T08:11:00.901Z", "user": 1, "content_type": 7, "object_id": 36, "root": null, "parent": null, "reply_to": null}}, {"model": "comment.comment", "pk": 33, "fields": {"text": "<p>333333333333333333333333333</p>", "comment_time": "2019-02-27T08:12:00.805Z", "user": 1, "content_type": 7, "object_id": 36, "root": null, "parent": null, "reply_to": null}}, {"model": "comment.comment", "pk": 34, "fields": {"text": "<p>weqqwrqwrqewwqeqweqwewqeqweqwewqeqwe</p>", "comment_time": "2019-02-27T08:13:21.991Z", "user": 1, "content_type": 7, "object_id": 36, "root": null, "parent": null, "reply_to": null}}, {"model": "comment.comment", "pk": 35, "fields": {"text": "<p>weqqwrqwrqewwqeqweqwewqeqweqwewqeqwe</p>", "comment_time": "2019-02-27T08:13:41.904Z", "user": 1, "content_type": 7, "object_id": 36, "root": null, "parent": null, "reply_to": null}}, {"model": "comment.comment", "pk": 36, "fields": {"text": "<p>weqqwrqwrqewwqeqweqwewqeqweqwewqeqwe</p>", "comment_time": "2019-02-27T08:13:47.045Z", "user": 1, "content_type": 7, "object_id": 36, "root": null, "parent": null, "reply_to": null}}, {"model": "comment.comment", "pk": 37, "fields": {"text": "<p>3333333333333333333333333333</p>", "comment_time": "2019-02-27T08:13:55.496Z", "user": 1, "content_type": 7, "object_id": 36, "root": null, "parent": null, "reply_to": null}}, {"model": "comment.comment", "pk": 38, "fields": {"text": "<p><img alt=\"smiley\" height=\"23\" src=\"http://127.0.0.1:8000/static/ckeditor/ckeditor/plugins/smiley/images/regular_smile.png\" title=\"smiley\" width=\"23\" /></p>", "comment_time": "2019-02-27T08:52:49.881Z", "user": 1, "content_type": 7, "object_id": 36, "root": null, "parent": null, "reply_to": null}}, {"model": "comment.comment", "pk": 39, "fields": {"text": "<p>sss</p>", "comment_time": "2019-02-27T08:59:33.134Z", "user": 1, "content_type": 7, "object_id": 36, "root": null, "parent": null, "reply_to": null}}, {"model": "comment.comment", "pk": 40, "fields": {"text": "<p>dwdwd</p>", "comment_time": "2019-02-27T08:59:45.968Z", "user": 1, "content_type": 7, "object_id": 35, "root": null, "parent": null, "reply_to": null}}, {"model": "comment.comment", "pk": 41, "fields": {"text": "<p>ewq</p>", "comment_time": "2019-02-27T09:02:08.224Z", "user": 1, "content_type": 7, "object_id": 34, "root": null, "parent": null, "reply_to": null}}, {"model": "comment.comment", "pk": 42, "fields": {"text": "hhhhhhhhhhhhhhhhhhhhhhhhhhhhhhh", "comment_time": "2019-02-28T01:33:57.431Z", "user": 1, "content_type": 7, "object_id": 34, "root": 41, "parent": 41, "reply_to": 1}}, {"model": "comment.comment", "pk": 43, "fields": {"text": "<p>33333333333333333333333333333333333</p>", "comment_time": "2019-02-28T08:06:49.870Z", "user": 1, "content_type": 7, "object_id": 36, "root": null, "parent": null, "reply_to": null}}, {"model": "comment.comment", "pk": 44, "fields": {"text": "<p>hahahaha</p>", "comment_time": "2019-02-28T08:07:38.843Z", "user": 1, "content_type": 7, "object_id": 35, "root": null, "parent": null, "reply_to": null}}, {"model": "comment.comment", "pk": 45, "fields": {"text": "<p>wocaonima</p>", "comment_time": "2019-02-28T08:11:29.959Z", "user": 1, "content_type": 7, "object_id": 35, "root": null, "parent": null, "reply_to": null}}, {"model": "comment.comment", "pk": 46, "fields": {"text": "<p>1111111111111111111</p>", "comment_time": "2019-02-28T08:12:47.786Z", "user": 1, "content_type": 7, "object_id": 35, "root": null, "parent": null, "reply_to": null}}, {"model": "comment.comment", "pk": 47, "fields": {"text": "<p>2222222222222222222222</p>", "comment_time": "2019-02-28T08:22:42.884Z", "user": 1, "content_type": 7, "object_id": 35, "root": null, "parent": null, "reply_to": null}}, {"model": "comment.comment", "pk": 48, "fields": {"text": "<p>wqeqwrqwr</p>", "comment_time": "2019-02-28T09:05:49.159Z", "user": 1, "content_type": 7, "object_id": 33, "root": null, "parent": null, "reply_to": null}}, {"model": "comment.comment", "pk": 49, "fields": {"text": "<p>hahaha</p>", "comment_time": "2019-02-28T09:06:18.478Z", "user": 1, "content_type": 7, "object_id": 33, "root": 48, "parent": 48, "reply_to": 1}}, {"model": "comment.comment", "pk": 50, "fields": {"text": "<p>\u8fd9\u5ea7\u57ce\u5e02\u98ce\u5f88\u5927</p>", "comment_time": "2019-02-28T11:03:30.798Z", "user": 1, "content_type": 7, "object_id": 33, "root": 48, "parent": 49, "reply_to": 1}}, {"model": "comment.comment", "pk": 51, "fields": {"text": "<p>\u5b64\u72ec\u7684\u4eba\u603b\u662f\u5f88\u665a\u56de\u5bb6</p>", "comment_time": "2019-02-28T11:03:50.272Z", "user": 1, "content_type": 7, "object_id": 33, "root": 48, "parent": 48, "reply_to": 1}}, {"model": "comment.comment", "pk": 52, "fields": {"text": "<p>\u6211\u7231\u4f60\u4e2d\u56fd</p>", "comment_time": "2019-02-28T11:04:04.778Z", "user": 1, "content_type": 7, "object_id": 32, "root": null, "parent": null, "reply_to": null}}, {"model": "comment.comment", "pk": 53, "fields": {"text": "<p>\u4eb2\u7231\u7684\u6bcd\u4eb2</p>", "comment_time": "2019-02-28T11:04:25.260Z", "user": 1, "content_type": 7, "object_id": 32, "root": 52, "parent": 52, "reply_to": 1}}, {"model": "comment.comment", "pk": 54, "fields": {"text": "<p>\u7231\u7684\u9b54\u529b\u8f6c\u5708\u5708</p>", "comment_time": "2019-02-28T11:04:42.578Z", "user": 1, "content_type": 7, "object_id": 31, "root": null, "parent": null, "reply_to": null}}, {"model": "comment.comment", "pk": 55, "fields": {"text": "<p>\u60f3\u4f60\u60f3\u4f60</p>", "comment_time": "2019-02-28T11:06:49.361Z", "user": 1, "content_type": 7, "object_id": 31, "root": 54, "parent": 54, "reply_to": 1}}, {"model": "comment.comment", "pk": 56, "fields": {"text": "<p>\u4f60\u4e0d\u60f3\u6211</p>", "comment_time": "2019-02-28T11:07:05.610Z", "user": 1, "content_type": 7, "object_id": 31, "root": 54, "parent": 55, "reply_to": 1}}, {"model": "comment.comment", "pk": 57, "fields": {"text": "<p>\u54c8\u54c8\u54c8</p>", "comment_time": "2019-02-28T11:07:37.179Z", "user": 1, "content_type": 7, "object_id": 30, "root": null, "parent": null, "reply_to": null}}, {"model": "comment.comment", "pk": 58, "fields": {"text": "<p>\u9876\u9876\u9876</p>", "comment_time": "2019-02-28T11:08:28.960Z", "user": 1, "content_type": 7, "object_id": 29, "root": null, "parent": null, "reply_to": null}}, {"model": "comment.comment", "pk": 62, "fields": {"text": "<p>\u7231\u4f60\u54e6</p>", "comment_time": "2019-03-01T08:03:24.386Z", "user": 1, "content_type": 7, "object_id": 26, "root": null, "parent": null, "reply_to": null}}, {"model": "comment.comment", "pk": 63, "fields": {"text": "<p>\u54c8\u4e2a\u5c41</p>", "comment_time": "2019-03-01T08:03:58.264Z", "user": 1, "content_type": 7, "object_id": 30, "root": 57, "parent": 57, "reply_to": 1}}, {"model": "comment.comment", "pk": 64, "fields": {"text": "<p>\u5564\u9152\u76ae</p>", "comment_time": "2019-03-01T08:04:36.668Z", "user": 1, "content_type": 7, "object_id": 30, "root": 57, "parent": 63, "reply_to": 1}}, {"model": "comment.comment", "pk": 65, "fields": {"text": "<p>\u5982\u679c\u6211\u7231\u4f60</p>", "comment_time": "2019-03-01T08:07:13.762Z", "user": 1, "content_type": 7, "object_id": 28, "root": null, "parent": null, "reply_to": null}}, {"model": "comment.comment", "pk": 66, "fields": {"text": "<p>\u6211\u4e5f\u7231\u4f60</p>", "comment_time": "2019-03-01T08:13:34.987Z", "user": 1, "content_type": 7, "object_id": 28, "root": 65, "parent": 65, "reply_to": 1}}, {"model": "comment.comment", "pk": 67, "fields": {"text": "<p>\u5f53\u4f60\u5b64\u5355\u4f60\u4f1a\u60f3\u8d77\u8c01</p>", "comment_time": "2019-03-01T08:21:14.912Z", "user": 1, "content_type": 7, "object_id": 27, "root": null, "parent": null, "reply_to": null}}, {"model": "comment.comment", "pk": 68, "fields": {"text": "<p>\u4f60\u7684\u5feb\u4e50\u4f24\u60b2</p>", "comment_time": "2019-03-01T08:21:47.496Z", "user": 1, "content_type": 7, "object_id": 25, "root": null, "parent": null, "reply_to": null}}, {"model": "comment.comment", "pk": 69, "fields": {"text": "<p>\u516d\u6708\u7684\u96e8</p>", "comment_time": "2019-03-01T08:24:16.188Z", "user": 1, "content_type": 7, "object_id": 24, "root": null, "parent": null, "reply_to": null}}, {"model": "comment.comment", "pk": 70, "fields": {"text": "<p>\u54e6~\u6211\u4e0d\u76f8\u4fe1\uff0c\u4f60\u4e0d\u662f\u6545\u610f\u7684</p>", "comment_time": "2019-03-01T08:25:17.973Z", "user": 1, "content_type": 7, "object_id": 23, "root": null, "parent": null, "reply_to": null}}, {"model": "comment.comment", "pk": 71, "fields": {"text": "<p>\u662f\u8c01\u7684\u5fc3\u5450</p>", "comment_time": "2019-03-01T08:33:58.539Z", "user": 1, "content_type": 7, "object_id": 22, "root": null, "parent": null, "reply_to": null}}, {"model": "comment.comment", "pk": 72, "fields": {"text": "<p>\u5b64\u5355\u7684\u843d\u4e0b</p>", "comment_time": "2019-03-01T08:34:09.934Z", "user": 1, "content_type": 7, "object_id": 22, "root": 71, "parent": 71, "reply_to": 1}}, {"model": "comment.comment", "pk": 73, "fields": {"text": "<p>\u4ed6\u8fd8\u597d\u5417</p>", "comment_time": "2019-03-01T08:34:18.042Z", "user": 1, "content_type": 7, "object_id": 22, "root": 71, "parent": 72, "reply_to": 1}}, {"model": "comment.comment", "pk": 74, "fields": {"text": "<p>\u6211\u591a\u60f3\u7231\u5979</p>", "comment_time": "2019-03-01T08:34:28.145Z", "user": 1, "content_type": 7, "object_id": 22, "root": 71, "parent": 73, "reply_to": 1}}, {"model": "comment.comment", "pk": 75, "fields": {"text": "<p>\u4e5f\u8bb8\u662f\u6211\u592a\u5fc3\u6025\uff0c\u7adf\u7136\u6ca1\u53d1\u73b0\u4f60\u773c\u91cc\u7684\u72b9\u8c6b\uff0c\u53ea\u662f\u4f60\u53c8\u4f55\u5fc5\uff0c\u72e0\u5fc3\u5c06\u4e00\u5207\u90fd\u62b9\u53bb</p>", "comment_time": "2019-03-01T08:35:20.174Z", "user": 1, "content_type": 7, "object_id": 22, "root": 71, "parent": 74, "reply_to": 1}}, {"model": "comment.comment", "pk": 76, "fields": {"text": "<p>\u8bf7\u8ba9\u6211\u968f\u4f60\u53bb\uff0c\u6211\u613f\u966a\u5728\u4f60\u7684\u8eab\u8fb9\uff0c\u4e3a\u4f60\u906e\u98ce\u6321\u96e8</p>", "comment_time": "2019-03-01T08:35:46.366Z", "user": 1, "content_type": 7, "object_id": 22, "root": 71, "parent": 75, "reply_to": 1}}, {"model": "comment.comment", "pk": 77, "fields": {"text": "<p>\u6211\u7231\u4f60\u4e2d\u56fd</p>", "comment_time": "2019-03-04T01:09:51.914Z", "user": 1, "content_type": 7, "object_id": 19, "root": null, "parent": null, "reply_to": null}}, {"model": "comment.comment", "pk": 78, "fields": {"text": "<p>hahaha</p>", "comment_time": "2019-03-04T07:21:51.402Z", "user": 1, "content_type": 7, "object_id": 7, "root": null, "parent": null, "reply_to": null}}, {"model": "comment.comment", "pk": 79, "fields": {"text": "<p>\u7231\u4f60\u54e6</p>", "comment_time": "2019-03-04T07:22:04.973Z", "user": 1, "content_type": 7, "object_id": 7, "root": 78, "parent": 78, "reply_to": 1}}, {"model": "comment.comment", "pk": 80, "fields": {"text": "<p>\u5207</p>", "comment_time": "2019-03-04T07:22:16.513Z", "user": 1, "content_type": 7, "object_id": 7, "root": null, "parent": null, "reply_to": null}}, {"model": "comment.comment", "pk": 81, "fields": {"text": "<p>\u79c0</p>", "comment_time": "2019-03-04T07:22:29.042Z", "user": 1, "content_type": 7, "object_id": 7, "root": 80, "parent": 80, "reply_to": 1}}, {"model": "comment.comment", "pk": 82, "fields": {"text": "<p>ewqeq</p>", "comment_time": "2019-03-04T07:23:47.889Z", "user": 1, "content_type": 7, "object_id": 7, "root": null, "parent": null, "reply_to": null}}, {"model": "comment.comment", "pk": 83, "fields": {"text": "<p>sad</p>", "comment_time": "2019-03-04T08:46:58.696Z", "user": 1, "content_type": 7, "object_id": 35, "root": null, "parent": null, "reply_to": null}}, {"model": "comment.comment", "pk": 84, "fields": {"text": "<p>qunide</p>", "comment_time": "2019-03-04T08:47:06.301Z", "user": 1, "content_type": 7, "object_id": 35, "root": 83, "parent": 83, "reply_to": 1}}, {"model": "comment.comment", "pk": 85, "fields": {"text": "<p>nice</p>", "comment_time": "2019-03-04T08:47:11.875Z", "user": 1, "content_type": 7, "object_id": 35, "root": null, "parent": null, "reply_to": null}}, {"model": "comment.comment", "pk": 86, "fields": {"text": "<p>youyou</p>", "comment_time": "2019-03-04T08:47:18.513Z", "user": 1, "content_type": 7, "object_id": 35, "root": 85, "parent": 85, "reply_to": 1}}, {"model": "comment.comment", "pk": 87, "fields": {"text": "<p>niju</p>", "comment_time": "2019-03-04T08:47:25.539Z", "user": 1, "content_type": 7, "object_id": 35, "root": 83, "parent": 84, "reply_to": 1}}, {"model": "comment.comment", "pk": 88, "fields": {"text": "<p>\u4f60\u7231\u4f60\u5417</p>", "comment_time": "2019-03-13T03:00:35.856Z", "user": 1, "content_type": 7, "object_id": 19, "root": 77, "parent": 77, "reply_to": 1}}, {"model": "comment.comment", "pk": 89, "fields": {"text": "<p>\u5c3c\u739b</p>", "comment_time": "2019-03-13T03:02:03.590Z", "user": 1, "content_type": 7, "object_id": 19, "root": 77, "parent": 88, "reply_to": 1}}, {"model": "comment.comment", "pk": 90, "fields": {"text": "<p>\u54c8\u54c8\u54c8</p>", "comment_time": "2019-03-13T03:03:33.383Z", "user": 1, "content_type": 7, "object_id": 19, "root": 77, "parent": 88, "reply_to": 1}}, {"model": "comment.comment", "pk": 91, "fields": {"text": "<p>\u8bc4\u8bba\u53d1\u9001\u90ae\u4ef6\u6d4b\u8bd5</p>", "comment_time": "2019-03-16T02:25:56.348Z", "user": 1, "content_type": 7, "object_id": 19, "root": null, "parent": null, "reply_to": null}}, {"model": "comment.comment", "pk": 92, "fields": {"text": "<p>\u8bc4\u8bba\u53d1\u9001\u90ae\u4ef6\u6d4b\u8bd5</p>", "comment_time": "2019-03-16T02:34:27.185Z", "user": 1, "content_type": 7, "object_id": 18, "root": null, "parent": null, "reply_to": null}}, {"model": "comment.comment", "pk": 93, "fields": {"text": "<p>\u56de\u590d\u53d1\u9001\u90ae\u4ef6\u6d4b\u8bd5</p>", "comment_time": "2019-03-16T02:42:13.958Z", "user": 1, "content_type": 7, "object_id": 18, "root": 92, "parent": 92, "reply_to": 1}}, {"model": "comment.comment", "pk": 94, "fields": {"text": "<p>\u591a\u7ebf\u7a0b\u8bc4\u8bba\u53d1\u9001\u90ae\u4ef6\u6d4b\u8bd5</p>", "comment_time": "2019-03-16T03:06:04.823Z", "user": 1, "content_type": 7, "object_id": 17, "root": null, "parent": null, "reply_to": null}}, {"model": "comment.comment", "pk": 95, "fields": {"text": "<p>\u591a\u7ebf\u7a0b\u8bc4\u8bba\u53d1\u9001\u90ae\u4ef6\u6d4b\u8bd5</p>", "comment_time": "2019-03-16T03:10:49.249Z", "user": 1, "content_type": 7, "object_id": 16, "root": null, "parent": null, "reply_to": null}}, {"model": "comment.comment", "pk": 96, "fields": {"text": "<p>\u8bc4\u8bba\uff0chtml\u90ae\u4ef6\u6d4b\u8bd5</p>", "comment_time": "2019-03-16T07:11:09.296Z", "user": 1, "content_type": 7, "object_id": 15, "root": null, "parent": null, "reply_to": null}}, {"model": "comment.comment", "pk": 97, "fields": {"text": "<p>\u8bc4\u8bba\uff0cHTML\u90ae\u4ef6\u6d4b\u8bd5</p>", "comment_time": "2019-03-16T07:11:59.552Z", "user": 1, "content_type": 7, "object_id": 14, "root": null, "parent": null, "reply_to": null}}, {"model": "comment.comment", "pk": 98, "fields": {"text": "<p>html \u6a21\u677f\u7ec4\u7ec7\u5185\u5bb9\uff0c \u8bc4\u8bba\u53d1\u9001\u90ae\u4ef6\u6d4b\u8bd5</p>", "comment_time": "2019-03-16T07:26:43.466Z", "user": 1, "content_type": 7, "object_id": 13, "root": null, "parent": null, "reply_to": null}}, {"model": "comment.comment", "pk": 99, "fields": {"text": "<p>html \u6a21\u677f\u7ec4\u7ec7\u5185\u5bb9\uff0c \u8bc4\u8bba\u53d1\u9001\u90ae\u4ef6\u6d4b\u8bd5</p>", "comment_time": "2019-03-16T07:28:45.273Z", "user": 1, "content_type": 7, "object_id": 12, "root": null, "parent": null, "reply_to": null}}, {"model": "comment.comment", "pk": 100, "fields": {"text": "<p>html \u6a21\u677f\u7ec4\u7ec7\u5185\u5bb9\uff0c \u8bc4\u8bba\u53d1\u9001\u90ae\u4ef6\u6d4b\u8bd5</p>", "comment_time": "2019-03-16T07:30:33.136Z", "user": 1, "content_type": 7, "object_id": 11, "root": null, "parent": null, "reply_to": null}}, {"model": "comment.comment", "pk": 101, "fields": {"text": "<p>html \u6a21\u677f\u7ec4\u7ec7\u5185\u5bb9\uff0c \u8bc4\u8bba\u53d1\u9001\u90ae\u4ef6\u6d4b\u8bd5</p>", "comment_time": "2019-03-16T07:39:32.829Z", "user": 1, "content_type": 7, "object_id": 10, "root": null, "parent": null, "reply_to": null}}, {"model": "comment.comment", "pk": 102, "fields": {"text": "<p>html \u6a21\u677f\u7ec4\u7ec7\u5185\u5bb9\uff0c \u8bc4\u8bba\u53d1\u9001\u90ae\u4ef6\u6d4b\u8bd5</p>", "comment_time": "2019-03-16T07:46:32.398Z", "user": 1, "content_type": 7, "object_id": 9, "root": null, "parent": null, "reply_to": null}}, {"model": "comment.comment", "pk": 103, "fields": {"text": "<p>test</p>", "comment_time": "2019-03-16T07:54:41.989Z", "user": 1, "content_type": 7, "object_id": 8, "root": null, "parent": null, "reply_to": null}}, {"model": "comment.comment", "pk": 104, "fields": {"text": "<p>test1</p>", "comment_time": "2019-03-16T07:56:12.542Z", "user": 1, "content_type": 7, "object_id": 7, "root": null, "parent": null, "reply_to": null}}, {"model": "comment.comment", "pk": 105, "fields": {"text": "<p>\u6211\u518d\u6d4b\u8bd5\u4e00\u6b21</p>", "comment_time": "2019-03-16T07:57:32.968Z", "user": 1, "content_type": 7, "object_id": 17, "root": null, "parent": null, "reply_to": null}}, {"model": "comment.comment", "pk": 106, "fields": {"text": "<p>\u518d\u6d4b\u8bd5\u6700\u540e\u4e00\u6b21</p>", "comment_time": "2019-03-16T07:58:40.010Z", "user": 1, "content_type": 7, "object_id": 18, "root": null, "parent": null, "reply_to": null}}, {"model": "comment.comment", "pk": 107, "fields": {"text": "<p>\u6700\u540e\u540e\u4e00\u6b21\u6d4b\u8bd5</p>", "comment_time": "2019-03-16T08:11:50.648Z", "user": 1, "content_type": 7, "object_id": 18, "root": null, "parent": null, "reply_to": null}}, {"model": "comment.comment", "pk": 108, "fields": {"text": "<p>\u518d\u6765\u4e00\u6b21\u6d4b\u8bd5</p>", "comment_time": "2019-03-16T08:12:58.640Z", "user": 1, "content_type": 7, "object_id": 16, "root": null, "parent": null, "reply_to": null}}, {"model": "likes.likerecord", "pk": 1, "fields": {"content_type": 7, "object_id": 13, "user": 1, "liked_time": "2019-03-02T05:30:36.297Z"}}, {"model": "likes.likerecord", "pk": 14, "fields": {"content_type": 7, "object_id": 19, "user": 1, "liked_time": "2019-03-04T01:09:46.067Z"}}, {"model": "likes.likerecord", "pk": 15, "fields": {"content_type": 12, "object_id": 77, "user": 1, "liked_time": "2019-03-04T01:10:00.644Z"}}, {"model": "likes.likerecord", "pk": 24, "fields": {"content_type": 12, "object_id": 88, "user": 1, "liked_time": "2019-03-13T03:01:57.027Z"}}, {"model": "likes.likerecord", "pk": 25, "fields": {"content_type": 12, "object_id": 90, "user": 1, "liked_time": "2019-03-13T03:03:55.540Z"}}, {"model": "user.profile", "pk": 1, "fields": {"user": 1, "nickname": "\u592a\u83dc\u4e86"}}, {"model": "admin.logentry", "pk": 1, "fields": {"action_time": "2019-01-26T07:49:29.870Z", "user": 1, "content_type": 8, "object_id": "1", "object_repr": "BlogType object (1)", "action_flag": 1, "change_message": "[{\"added\": {}}]"}}, {"model": "admin.logentry", "pk": 2, "fields": {"action_time": "2019-01-26T07:49:46.218Z", "user": 1, "content_type": 8, "object_id": "2", "object_repr": "BlogType object (2)", "action_flag": 1, "change_message": "[{\"added\": {}}]"}}, {"model": "admin.logentry", "pk": 3, "fields": {"action_time": "2019-01-26T07:51:34.357Z", "user": 1, "content_type": 8, "object_id": "3", "object_repr": "BlogType object (3)", "action_flag": 1, "change_message": "[{\"added\": {}}]"}}, {"model": "admin.logentry", "pk": 4, "fields": {"action_time": "2019-01-26T07:54:29.566Z", "user": 1, "content_type": 7, "object_id": "1", "object_repr": "<Blog: \u7b2c\u4e00\u7bc7\u535a\u5ba2>", "action_flag": 1, "change_message": "[{\"added\": {}}]"}}, {"model": "admin.logentry", "pk": 5, "fields": {"action_time": "2019-01-26T10:43:35.707Z", "user": 1, "content_type": 7, "object_id": "2", "object_repr": "<Blog: \u7b2c\u4e8c\u7bc7\u535a\u5ba2>", "action_flag": 1, "change_message": "[{\"added\": {}}]"}}, {"model": "admin.logentry", "pk": 6, "fields": {"action_time": "2019-01-26T13:56:46.997Z", "user": 1, "content_type": 7, "object_id": "2", "object_repr": "<Blog: \u7b2c\u4e8c\u7bc7\u535a\u5ba2>", "action_flag": 3, "change_message": ""}}, {"model": "admin.logentry", "pk": 7, "fields": {"action_time": "2019-01-26T13:56:47.080Z", "user": 1, "content_type": 7, "object_id": "1", "object_repr": "<Blog: \u7b2c\u4e00\u7bc7\u535a\u5ba2>", "action_flag": 3, "change_message": ""}}, {"model": "admin.logentry", "pk": 8, "fields": {"action_time": "2019-01-26T13:59:43.317Z", "user": 1, "content_type": 7, "object_id": "3", "object_repr": "<Blog: \u957f\u5185\u5bb9\u7684\u535a\u5ba2>", "action_flag": 1, "change_message": "[{\"added\": {}}]"}}, {"model": "admin.logentry", "pk": 9, "fields": {"action_time": "2019-01-26T15:20:28.788Z", "user": 1, "content_type": 8, "object_id": "3", "object_repr": "\u611f\u609f", "action_flag": 2, "change_message": "[{\"changed\": {\"fields\": [\"type_name\"]}}]"}}, {"model": "admin.logentry", "pk": 10, "fields": {"action_time": "2019-01-26T15:20:37.996Z", "user": 1, "content_type": 8, "object_id": "2", "object_repr": "\u968f\u7b14", "action_flag": 2, "change_message": "[{\"changed\": {\"fields\": [\"type_name\"]}}]"}}, {"model": "admin.logentry", "pk": 11, "fields": {"action_time": "2019-01-26T15:22:14.633Z", "user": 1, "content_type": 7, "object_id": "3", "object_repr": "<Blog: \u957f\u5185\u5bb9\u7684\u535a\u5ba2>", "action_flag": 2, "change_message": "[{\"changed\": {\"fields\": [\"blog_type\"]}}]"}}, {"model": "admin.logentry", "pk": 12, "fields": {"action_time": "2019-01-26T16:38:59.464Z", "user": 1, "content_type": 7, "object_id": "4", "object_repr": "<Blog: \u54c8\u54c8\u54c8>", "action_flag": 1, "change_message": "[{\"added\": {}}]"}}, {"model": "admin.logentry", "pk": 13, "fields": {"action_time": "2019-01-26T16:39:13.708Z", "user": 1, "content_type": 7, "object_id": "5", "object_repr": "<Blog: \u4f60\u53ef\u4ee5>", "action_flag": 1, "change_message": "[{\"added\": {}}]"}}, {"model": "admin.logentry", "pk": 14, "fields": {"action_time": "2019-02-18T02:56:31.822Z", "user": 1, "content_type": 7, "object_id": "3", "object_repr": "<Blog: \u957f\u5185\u5bb9\u7684\u535a\u5ba2>", "action_flag": 2, "change_message": "[{\"changed\": {\"fields\": [\"content\"]}}]"}}, {"model": "admin.logentry", "pk": 15, "fields": {"action_time": "2019-02-18T03:21:40.274Z", "user": 1, "content_type": 7, "object_id": "3", "object_repr": "<Blog: \u957f\u5185\u5bb9\u7684\u535a\u5ba2>", "action_flag": 2, "change_message": "[{\"changed\": {\"fields\": [\"content\"]}}]"}}, {"model": "admin.logentry", "pk": 16, "fields": {"action_time": "2019-02-18T03:21:46.918Z", "user": 1, "content_type": 7, "object_id": "3", "object_repr": "<Blog: \u957f\u5185\u5bb9\u7684\u535a\u5ba2>", "action_flag": 2, "change_message": "[]"}}, {"model": "admin.logentry", "pk": 17, "fields": {"action_time": "2019-02-18T05:30:38.050Z", "user": 1, "content_type": 7, "object_id": "3", "object_repr": "<Blog: \u957f\u5185\u5bb9\u7684\u535a\u5ba2>", "action_flag": 2, "change_message": "[{\"changed\": {\"fields\": [\"content\"]}}]"}}, {"model": "admin.logentry", "pk": 18, "fields": {"action_time": "2019-02-18T05:32:29.296Z", "user": 1, "content_type": 7, "object_id": "16", "object_repr": "<Blog: for 10>", "action_flag": 2, "change_message": "[{\"changed\": {\"fields\": [\"content\"]}}]"}}, {"model": "admin.logentry", "pk": 19, "fields": {"action_time": "2019-02-20T00:55:56.941Z", "user": 1, "content_type": 9, "object_id": "1", "object_repr": "ReadNum object (1)", "action_flag": 1, "change_message": "[{\"added\": {}}]"}}, {"model": "admin.logentry", "pk": 20, "fields": {"action_time": "2019-02-20T02:34:47.391Z", "user": 1, "content_type": 10, "object_id": "1", "object_repr": "ReadNum object (1)", "action_flag": 1, "change_message": "[{\"added\": {}}]"}}, {"model": "admin.logentry", "pk": 21, "fields": {"action_time": "2019-02-20T08:58:37.892Z", "user": 1, "content_type": 11, "object_id": "1", "object_repr": "ReadDetail object (1)", "action_flag": 1, "change_message": "[{\"added\": {}}]"}}, {"model": "admin.logentry", "pk": 22, "fields": {"action_time": "2019-02-21T01:23:18.307Z", "user": 1, "content_type": 11, "object_id": "5", "object_repr": "ReadDetail object (5)", "action_flag": 2, "change_message": "[{\"changed\": {\"fields\": [\"read_num\"]}}]"}}, {"model": "admin.logentry", "pk": 23, "fields": {"action_time": "2019-02-27T03:12:09.908Z", "user": 1, "content_type": 12, "object_id": "1", "object_repr": "Comment object (1)", "action_flag": 3, "change_message": ""}}, {"model": "admin.logentry", "pk": 24, "fields": {"action_time": "2019-02-27T03:15:34.636Z", "user": 1, "content_type": 12, "object_id": "3", "object_repr": "Comment object (3)", "action_flag": 3, "change_message": ""}}, {"model": "admin.logentry", "pk": 25, "fields": {"action_time": "2019-02-27T03:16:14.518Z", "user": 1, "content_type": 4, "object_id": "2", "object_repr": "123", "action_flag": 3, "change_message": ""}}, {"model": "admin.logentry", "pk": 26, "fields": {"action_time": "2019-02-27T04:14:46.088Z", "user": 1, "content_type": 12, "object_id": "5", "object_repr": "Comment object (5)", "action_flag": 3, "change_message": ""}}, {"model": "admin.logentry", "pk": 27, "fields": {"action_time": "2019-02-28T01:33:57.433Z", "user": 1, "content_type": 12, "object_id": "42", "object_repr": "Comment object (42)", "action_flag": 1, "change_message": "[{\"added\": {}}]"}}, {"model": "admin.logentry", "pk": 28, "fields": {"action_time": "2019-02-28T01:42:30.091Z", "user": 1, "content_type": 12, "object_id": "42", "object_repr": "hhhhhhhhhhhhhhhhhhhhhhhhhhhhhhh", "action_flag": 2, "change_message": "[{\"changed\": {\"fields\": [\"parent\"]}}]"}}, {"model": "admin.logentry", "pk": 29, "fields": {"action_time": "2019-02-28T02:40:56.754Z", "user": 1, "content_type": 12, "object_id": "42", "object_repr": "hhhhhhhhhhhhhhhhhhhhhhhhhhhhhhh", "action_flag": 2, "change_message": "[{\"changed\": {\"fields\": [\"root\", \"reply_to\"]}}]"}}, {"model": "admin.logentry", "pk": 30, "fields": {"action_time": "2019-03-01T03:20:30.201Z", "user": 1, "content_type": 12, "object_id": "59", "object_repr": "<p>hahaha</p>", "action_flag": 3, "change_message": ""}}, {"model": "admin.logentry", "pk": 31, "fields": {"action_time": "2019-03-01T03:20:42.440Z", "user": 1, "content_type": 12, "object_id": "60", "object_repr": "<p>rewrwerwer</p>", "action_flag": 3, "change_message": ""}}, {"model": "admin.logentry", "pk": 32, "fields": {"action_time": "2019-03-01T03:28:43.350Z", "user": 1, "content_type": 12, "object_id": "60", "object_repr": "<p>rewrwerwer</p>", "action_flag": 3, "change_message": ""}}, {"model": "admin.logentry", "pk": 33, "fields": {"action_time": "2019-03-07T08:24:14.748Z", "user": 1, "content_type": 15, "object_id": "1", "object_repr": "<Profile: \u674e\u671d for lz>", "action_flag": 1, "change_message": "[{\"added\": {}}]"}}, {"model": "admin.logentry", "pk": 34, "fields": {"action_time": "2019-03-11T11:35:41.453Z", "user": 1, "content_type": 4, "object_id": "1", "object_repr": "lz", "action_flag": 2, "change_message": "[{\"changed\": {\"fields\": [\"email\", \"last_login\"]}}]"}}, {"model": "admin.logentry", "pk": 35, "fields": {"action_time": "2019-03-13T05:39:46.096Z", "user": 1, "content_type": 4, "object_id": "1", "object_repr": "lz", "action_flag": 2, "change_message": "[{\"changed\": {\"fields\": [\"email\", \"last_login\"]}}]"}}, {"model": "admin.logentry", "pk": 36, "fields": {"action_time": "2019-03-13T07:50:57.854Z", "user": 1, "content_type": 4, "object_id": "1", "object_repr": "lz", "action_flag": 2, "change_message": "[{\"changed\": {\"fields\": [\"email\"]}}]"}}, {"model": "admin.logentry", "pk": 37, "fields": {"action_time": "2019-03-13T08:10:02.249Z", "user": 1, "content_type": 4, "object_id": "1", "object_repr": "lz", "action_flag": 2, "change_message": "[{\"changed\": {\"fields\": [\"email\"]}}]"}}, {"model": "admin.logentry", "pk": 38, "fields": {"action_time": "2019-03-13T08:13:46.037Z", "user": 1, "content_type": 4, "object_id": "1", "object_repr": "lz", "action_flag": 2, "change_message": "[{\"changed\": {\"fields\": [\"email\"]}}]"}}, {"model": "admin.logentry", "pk": 39, "fields": {"action_time": "2019-03-13T08:28:27.201Z", "user": 1, "content_type": 4, "object_id": "1", "object_repr": "lz", "action_flag": 2, "change_message": "[{\"changed\": {\"fields\": [\"email\"]}}]"}}]